Service,Country
Amazon,United States
Amazon,United Kingdom
Amazon,Germany
Amazon,Austria
Amazon,Japan
Amazon,India
Amazon,Canada
Amazon,France
Amazon,Italy
Amazon,Spain
Amazon,Netherlands
Amazon,Australia
Amazon,Brazil
Amazon,Mexico
Amazon,Belgium
Amazon,Luxembourg
Amazon,Singapore
Amazon,Switzerland
Amazon,Ireland
Amazon,New Zealand
Amazon,Denmark
Amazon,Finland
Amazon,Sweden
Amazon,Norway
Amazon,Poland
Amazon,Portugal
Amazon,Czech Republic
Amazon,Hungary
Amazon,Greece
Amazon,Turkey
Amazon,South Korea
Amazon,Colombia
Amazon,Argentina
Amazon,Chile
Amazon,Peru
Amazon,Ecuador
Amazon,Venezuela
Amazon,Costa Rica
Amazon,Panama
Amazon,Bolivia
Amazon,Paraguay
Amazon,Uruguay
Amazon,Saudi Arabia
Amazon,United Arab Emirates
Amazon,Egypt
Amazon,Kuwait
Amazon,Qatar
Amazon,Bahrain
Amazon,Oman
Amazon,Lebanon
Amazon,Jordan
Amazon,Israel
Amazon,South Africa
Netflix,Afghanistan
Netflix,Albania
Netflix,Algeria
Netflix,Andorra
Netflix,Angola
Netflix,Anguilla
Netflix,Antigua and Barbuda
Netflix,Argentina
Netflix,Armenia
Netflix,Aruba
Netflix,Australia
Netflix,Austria
Netflix,Azerbaijan
Netflix,Bahamas
Netflix,Bahrain
Netflix,Bangladesh
Netflix,Barbados
Netflix,Belarus
Netflix,Belgium
Netflix,Belize
Netflix,Benin
Netflix,Bermuda
Netflix,Bhutan
Netflix,Bolivia
Netflix,Bonaire
Netflix,Bosnia and Herzegovina
Netflix,Botswana
Netflix,Brazil
Netflix,British Virgin Islands
Netflix,Brunei
Netflix,Bulgaria
Netflix,Burkina Faso
Netflix,Burundi
Netflix,Cambodia
Netflix,Cameroon
Netflix,Canada
Netflix,Cape Verde
Netflix,Cayman Islands
Netflix,Central African Republic
Netflix,Chad
Netflix,Chile
Netflix,China
Netflix,Colombia
Netflix,Comoros
Netflix,Congo (Democratic Republic of the)
Netflix,Congo (Republic of the)
Netflix,Cook Islands
Netflix,Costa Rica
Netflix,Croatia
Netflix,Cuba
Netflix,Curaçao
Netflix,Cyprus
Netflix,Czech Republic
Netflix,Denmark
Netflix,Djibouti
Netflix,Dominica
Netflix,Dominican Republic
Netflix,East Timor
Netflix,Ecuador
Netflix,Egypt
Netflix,El Salvador
Netflix,Equatorial Guinea
Netflix,Eritrea
Netflix,Estonia
Netflix,Ethiopia
Netflix,Faroe Islands
Netflix,Fiji
Netflix,Finland
Netflix,France
Netflix,French Guiana
Netflix,French Polynesia
Netflix,Gabon
Netflix,Gambia
Netflix,Georgia
Netflix,Germany
Netflix,Ghana
Netflix,Gibraltar
Netflix,Greece
Netflix,Greenland
Netflix,Grenada
Netflix,Guadeloupe
Netflix,Guam
Netflix,Guatemala
Netflix,Guinea
Netflix,Guinea-Bissau
Netflix,Guyana
Netflix,Haiti
Netflix,Honduras
Netflix,Hong Kong
Netflix,Hungary
Netflix,Iceland
Netflix,India
Netflix,Indonesia
Netflix,Iran
Netflix,Iraq
Netflix,Ireland
Netflix,Israel
Netflix,Italy
Netflix,Ivory Coast
Netflix,Jamaica
Netflix,Japan
Netflix,Jordan
Netflix,Kazakhstan
Netflix,Kenya
Netflix,Kiribati
Netflix,Kosovo
Netflix,Kuwait
Netflix,Kyrgyzstan
Netflix,Laos
Netflix,Latvia
Netflix,Lebanon
Netflix,Lesotho
Netflix,Liberia
Netflix,Libya
Netflix,Liechtenstein
Netflix,Lithuania
Netflix,Luxembourg
Netflix,Macau
Netflix,Macedonia (FYROM)
Netflix,Madagascar
Netflix,Malawi
Netflix,Malaysia
Netflix,Maldives
Netflix,Mali
Netflix,Malta
Netflix,Marshall Islands
Netflix,Martinique
Netflix,Mauritania
Netflix,Mauritius
Netflix,Mayotte
Netflix,Mexico
Netflix,Micronesia
Netflix,Moldova
Netflix,Monaco
Netflix,Mongolia
Netflix,Montenegro
Netflix,Montserrat
Netflix,Morocco
Netflix,Mozambique
Netflix,Myanmar (Burma)
Netflix,Namibia
Netflix,Nauru
Netflix,Nepal
Netflix,Netherlands
Netflix,New Caledonia
Netflix,New Zealand
Netflix,Nicaragua
Netflix,Niger
Netflix,Nigeria
Netflix,Niue
Disney,United States
Disney,India
Disney,Canada
Disney,Mexico
Disney,Brazil
Disney,Argentina
Disney,United Kingdom
Disney,France
Disney,Germany
Disney,Italy
Disney,Spain
Disney,Portugal
Disney,Netherlands
Disney,Belgium
Disney,Sweden
Disney,Norway
Paramount,United States
Paramount,Canada
Paramount,United Kingdom
Paramount,Australia
Paramount,Sweden
Paramount,Spain
Paramount,Italy
Paramount,France
Paramount,Germany
Paramount,Switzerland
Paramount,Austria
Paramount,Brazil
Paramount,Mexico
Paramount,Argentina
Paramount,Denmark
Paramount,Finland
Paramount,Chile
Paramount,Colombia
Paramount,Costa Rica
Paramount,Ecuador
Paramount,El Salvador
Paramount,Guatemala
Paramount,Honduras
Paramount,Mexico
Paramount,Nicaragua
Paramount,Panama
Paramount,Peru
Paramount,Norway
Paramount,Czech Republic
Paramount,Slovakia
Paramount,Poland
Paramount,Hungary
HBO,United States
HBO,Puerto Rico
HBO,U.S. Virgin Islands
HBO,Guam
HBO,Northern Mariana Islands
HBO,American Samoa
Hulu,United States
Hulu,Japan
